nom,prenom,age,email,mdp,country,town,sexe,photo
aberick,keiver,25,ndemmenouke@gmail.com,bimouleh,CM,bonaberi,homme,blob:http://localhost:5173/a4c5928b-c5aa-4b73-a8fd-adfc2799ef33
patrick,Tanko,25,ndemmenouke@gmail.com,062020ABerick,CM,bonaberi,homme,../../images/user.png
patrick,Tanko,25,ndemmenouke@gmail.com,062020ABerick,CM,bonaberi,homme,blob:http://localhost:5173/55b64635-b7f7-4381-b204-e95df8ed4c6a
ndemmenou,Tiodjio,25,ndemmenouke@gmail.com,1524789632,US,bonaberi,homme,../../images/user.png
aberick,keiver,25,ndemmenouke@gmail.com,152478963,US,bessengue,homme,../../images/user.png
aberick,keiver,25,ndemmenouke@gmail.com,152478963,US,bessengue,homme,../../images/user.png
aberick,keiver,20,ndemmenouke@gmail.com,06200221,CM,bonaberi,homme,../../images/user.png
ndemmenou,aberick,25,ndemmenouke@gmail.com,06200120,CM,bonaberi,homme,../../images/user.png
ndemmenou,aberick,25,ndemmenouke@gmail.com,06200120,CM,bonaberi,homme,../../images/user.png
aberick,keiver,25,ndemmenouke@gmail.com,20012002,CM,bonaberi,femme,../../images/user.png
aberick,keiver,25,ndemmenouke@gmail.com,20012002,CM,bonaberi,homme,../../images/user.png
aberick,ndemmenou,25,ndemmenouke@gmail.com,20012003,CM,bonaberi,homme,../../images/user.png
aberick,ndemmenou,25,ndemmenouke@gmail.com,20012003,CM,bonaberi,homme,../../images/user.png
aberick,ndemmenou,25,ndemmenouke@gmail.com,20012003,CM,bonaberi,homme,../../images/user.png
aberick,ndemmenou,25,ndemmenouke@gmail.com,200222023,US,bonaberi,homme,../../images/user.png
aberick,ndemmenou,25,ndemmenouke@gmail.com,200222023,US,bonaberi,homme,../../images/user.png
aberick,ndemmenou,25,ndemmenouke@gmail.com,200222023,US,bonaberi,homme,../../images/user.png
aberick,ndemmenou,25,ndemmenouke@gmail.com,200222023,US,bonaberi,homme,../../images/user.png












aberick,ndemmenou,25,keiverkant@gmail.com,12345687,CM,bonaberi,homme,../../images/user.png
aberick,keiver,25,ndemmenouke@gmail.com,2589631478,US,bonaberi,homme,../../images/user.png
aberick,aberick,25,ndemmenouke@gmail.com,2020212325,CM,bonaberi,homme,../../images/user.png
